,danceability,energy,key,loudness,mode,speechiness,acousticness,instrumentalness,liveness,valence,tempo,duration_ms,track_name,age,album_name
236,0.431,0.894,0.45454545454545453,0.9836331618383344,0,0.33,0.0951,0.0,0.188,0.605,0.8514508639976615,258760,Best I Ever Had,1.0,Thank me Later
222,0.56,0.758,0.0,0.8524567521839715,1,0.345,0.428,0.0,0.162,0.521,0.5829726316420639,313267,Fireworks,1.0,Thank me Later
223,0.756,0.658,0.0,0.8299437174130728,1,0.11,0.00901,0.0188,0.0805,0.954,0.8097256418616329,227973,Karaoke,1.0,Thank me Later
224,0.439,0.738,0.0,0.7954490521736128,1,0.186,0.83,0.0,0.116,0.63,0.5490760415378446,225360,The Resistance,1.0,Thank me Later
225,0.325,0.848,0.6363636363636364,0.8821863885915542,1,0.279,0.0109,0.0,0.124,0.433,0.6188479281669609,233560,Over,1.0,Thank me Later
226,0.665,0.734,0.5454545454545454,0.8664756051241326,0,0.117,0.0385,0.0,0.116,0.706,0.7245962951720313,210360,Show Me A Good Time,1.0,Thank me Later
227,0.606,0.809,0.6363636363636364,0.9147819481371501,1,0.279,0.00778,1.59e-05,0.336,0.272,0.8296251325695826,234333,Up All Night,1.0,Thank me Later
235,0.499,0.771,0.7272727272727273,0.9084631055557475,1,0.42,0.279,0.0,0.119,0.748,0.5293901611821271,328573,Thank Me Now,1.0,Thank me Later
229,0.582,0.437,0.8181818181818182,0.754739131936052,0,0.07,0.412,0.0,0.0978,0.401,0.6932405439943637,419307,Shut It Down,1.0,Thank me Later
230,0.562,0.872,0.36363636363636365,0.8995545733918028,0,0.118,0.0951,0.0,0.107,0.0722,0.8287631960605754,213813,Unforgettable,1.0,Thank me Later
231,0.482,0.907,0.7272727272727273,0.8689271779289389,1,0.419,0.0945,0.0,0.151,0.212,0.5664871590197907,274147,Light Up,1.0,Thank me Later
232,0.429,0.864,0.18181818181818182,0.869617761817617,1,0.604,0.081,0.0,0.331,0.332,0.6216173676459015,305520,Miss Me,1.0,Thank me Later
233,0.382,0.6,0.8181818181818182,0.838334311660509,0,0.0338,0.0544,5.26e-06,0.115,0.226,0.6002338471224437,154120,Cece's Interlude,1.0,Thank me Later
234,0.625,0.613,0.5454545454545454,0.8685818859846001,0,0.173,0.0209,0.0,0.0286,0.738,0.6036328750079636,208947,Find Your Love,1.0,Thank me Later
228,0.523,0.884,0.18181818181818182,0.8832222644245711,0,0.461,0.331,2e-06,0.356,0.283,0.5708118317649836,319387,Fancy,1.0,Thank me Later
204,0.566,0.465,0.18181818181818182,0.6714547149614999,1,0.235,0.0555,0.0,0.567,0.177,0.7797002709478678,224720,Shot For Me,0.8562710437710438,Take Care
205,0.636,0.566,0.5454545454545454,0.8287006664134526,0,0.106,0.365,0.000353,0.0917,0.425,0.8129747677455863,235987,Headlines,0.8562710437710438,Take Care
206,0.418,0.546,0.0,0.763198784572356,0,0.238,0.227,0.0,0.229,0.294,0.8439220359689852,208813,Crew Love,0.8562710437710438,Take Care
207,0.629,0.515,0.0,0.71827630261386,0,0.265,0.0267,1.22e-05,0.0888,0.299,0.7003646366188104,277387,Take Care,0.8562710437710438,Take Care
208,0.492,0.26,0.8181818181818182,0.4771589378819792,0,0.0921,0.646,0.00178,0.0705,0.312,0.6616674349144247,347227,Marvins Room,0.8562710437710438,Take Care
209,0.711,0.543,0.0,0.6376851628051518,1,0.112,0.412,0.0,0.505,0.801,0.6260319815920341,150960,Buried Alive Interlude,0.8562710437710438,Take Care
210,0.487,0.712,0.7272727272727273,0.8230724077207279,1,0.27,5.2e-05,0.0,0.198,0.397,0.8291454461645699,212613,Under Ground Kings,0.8562710437710438,Take Care
211,0.386,0.488,0.09090909090909091,0.8237629916094058,0,0.422,0.00171,0.0,0.64,0.217,0.9685093370209225,247947,We'll Be Fine,0.8562710437710438,Take Care
203,0.489,0.57,0.09090909090909091,0.7205897586409309,1,0.306,0.759,2.1e-06,0.179,0.584,0.9389748951622876,272573,Over My Dead Body,0.8562710437710438,Take Care
213,0.417,0.887,0.45454545454545453,0.8842581402575879,0,0.367,0.0786,0.0,0.834,0.303,0.8717550901098406,307640,Lord Knows,0.8562710437710438,Take Care
220,0.556,0.702,0.0,0.7279099478609165,0,0.205,0.517,0.0,0.343,0.793,0.8281673356043486,351000,The Ride,0.8562710437710438,Take Care
219,0.446,0.239,0.09090909090909091,0.5467007354718415,1,0.0876,0.574,7.76e-05,0.12,0.31,0.6360192024464006,237733,Practice,0.8562710437710438,Take Care
218,0.444,0.627,0.6363636363636364,0.7740064224301647,0,0.252,0.123,0.0,0.0795,0.359,0.6117912914432189,206627,HYFR (Hell Ya Fucking Right),0.8562710437710438,Take Care
221,0.766,0.442,0.09090909090909091,0.780428852594869,1,0.356,0.000107,6.12e-05,0.111,0.39,1.0,181573,The Motto,0.8562710437710438,Take Care
216,0.567,0.309,0.7272727272727273,0.5837505610994096,1,0.385,0.166,0.0,0.12,0.509,0.48748880419425794,321080,The Real Her,0.8562710437710438,Take Care
215,0.397,0.172,0.5454545454545454,0.5338904043368669,0,0.0445,0.841,6.78e-05,0.108,0.123,0.6232775323132502,265120,Doing It Wrong,0.8562710437710438,Take Care
214,0.441,0.403,0.18181818181818182,0.6898933047891993,0,0.147,0.255,1.27e-05,0.13,0.158,0.7681016035766617,434960,Cameras / Good Ones Go Interlude - Medley,0.8562710437710438,Take Care
217,0.495,0.351,0.2727272727272727,0.5694209454093436,0,0.34,0.485,0.0,0.0967,0.271,0.747298953309274,301960,Look What You've Done,0.8562710437710438,Take Care
212,0.684,0.486,0.09090909090909091,0.7252857290839406,1,0.132,0.00268,0.000148,0.157,0.355,0.7380949704130925,219893,Make Me Proud,0.8562710437710438,Take Care
193,0.737,0.494,0.09090909090909091,0.7402023410793825,0,0.416,0.629,0.0,0.126,0.44,0.597831667547341,322160,From Time,0.7693602693602694,Nothing Was the Same
187,0.432,0.681,0.5454545454545454,0.8894720486171057,1,0.437,0.114,0.0,0.236,0.296,0.5352775622936505,366400,Tuscan Leather,0.7693602693602694,Nothing Was the Same
188,0.485,0.78,0.8181818181818182,0.8942716066434171,0,0.142,0.149,0.0,0.0568,0.267,0.7570538260612125,267373,Furthest Thing,0.7693602693602694,Nothing Was the Same
189,0.794,0.523,0.7272727272727273,0.8056006353371776,1,0.161,0.0331,0.0,0.156,0.56,0.567184203327075,174120,Started From the Bottom,0.7693602693602694,Nothing Was the Same
190,0.855,0.433,0.09090909090909091,0.7842615931770313,0,0.15,0.0414,0.0,0.1,0.394,0.6184057172623397,217600,Wu-Tang Forever,0.7693602693602694,Nothing Was the Same
191,0.652,0.345,0.7272727272727273,0.6850937467628881,0,0.119,0.0437,3.59e-05,0.297,0.304,0.630795117691809,252053,Own It,0.7693602693602694,Nothing Was the Same
192,0.777,0.778,0.8181818181818182,0.8567038430993406,1,0.136,0.156,1.08e-06,0.196,0.437,0.6556938401520006,270200,Worst Behavior,0.7693602693602694,Nothing Was the Same
195,0.685,0.489,0.5454545454545454,0.74886916888229,0,0.152,0.411,0.0,0.132,0.461,0.5248781109349763,296400,Connect,0.7693602693602694,Nothing Was the Same
196,0.823,0.662,0.6363636363636364,0.784986706260143,1,0.318,0.0118,0.0,0.0805,0.533,0.6938888701511388,224040,The Language,0.7693602693602694,Nothing Was the Same
197,0.519,0.487,0.36363636363636365,0.7719691999585649,0,0.242,0.0515,0.0,0.15,0.126,0.6645230680442661,255827,305 To My City,0.7693602693602694,Nothing Was the Same
198,0.668,0.565,0.5454545454545454,0.8729325644832706,1,0.505,0.171,0.0,0.124,0.142,0.7702339595489449,261867,Too Much,0.7693602693602694,Nothing Was the Same
199,0.521,0.762,0.18181818181818182,0.8429957529090847,1,0.529,0.138,1.11e-05,0.114,0.266,0.8586798880232048,433800,Pound Cake / Paris Morton Music 2,0.7693602693602694,Nothing Was the Same
200,0.472,0.468,0.2727272727272727,0.8751424329270399,1,0.184,0.163,0.0,0.586,0.404,0.5508186523060549,236360,Come Thru,0.7693602693602694,Nothing Was the Same
201,0.668,0.515,0.09090909090909091,0.8350195089948552,1,0.402,0.0703,0.0,0.223,0.425,0.7009979725754288,271573,All Me,0.7693602693602694,Nothing Was the Same
202,0.676,0.717,1.0,0.7921342495079591,0,0.0874,0.29,0.000368,0.0974,0.558,0.8344632196701406,241000,The Motion,0.7693602693602694,Nothing Was the Same
194,0.773,0.414,0.5454545454545454,0.8191706087496979,0,0.0961,0.00411,3.4e-05,0.0733,0.289,0.6184731731630446,227880,"Hold On, We're Going Home",0.7693602693602694,Nothing Was the Same
170,0.714,0.563,0.09090909090909091,0.8144055799178205,1,0.0723,0.0266,0.0,0.0776,0.31,0.6188404330668825,241853,Legend,0.6069023569023569,h
171,0.747,0.571,1.0,0.8025965954214288,1,0.478,0.38,0.0,0.534,0.553,0.8887127540370483,181933,Energy,0.6069023569023569,h
172,0.825,0.756,1.0,0.9486205586823659,0,0.383,0.265,2.15e-06,0.0762,0.888,0.8918382107697093,177733,10 Bands,0.6069023569023569,h
176,0.868,0.623,0.18181818181818182,0.7791512724008148,1,0.101,0.0249,0.0,0.125,0.498,0.6389085635265944,180667,6 God,0.6069023569023569,h
174,0.823,0.467,0.0,0.7170332516142398,0,0.301,0.543,1.06e-06,0.135,0.618,0.5998590921185275,310933,No Tellin',0.6069023569023569,h
175,0.905,0.492,0.18181818181818182,0.7790476848175132,1,0.0595,0.0149,3.77e-05,0.371,0.142,0.6560386147556034,177840,Madonna,0.6069023569023569,h
178,0.605,0.51,1.0,0.7964503988121958,0,0.423,0.165,8.8e-05,0.104,0.389,0.4882907799026386,236973,Preach,0.6069023569023569,h
173,0.72,0.412,1.0,0.7759745865128966,0,0.223,0.196,0.0,0.342,0.179,0.6724941069775634,275840,Know Yourself,0.6069023569023569,h
177,0.521,0.392,0.2727272727272727,0.8038396464210491,1,0.17,0.747,8.81e-06,0.198,0.166,0.5882904051476346,294973,Star67,0.6069023569023569,h
186,0.554,0.85,0.45454545454545453,0.9324608956873036,1,0.251,0.107,0.0,0.155,0.383,0.7250385060766523,283307,6PM In New York,0.6069023569023569,h
185,0.697,0.235,0.6363636363636364,0.7772176375125169,1,0.0534,0.62,0.000144,0.107,0.378,0.6183007858612432,320400,Jungle,0.6069023569023569,h
184,0.545,0.476,0.6363636363636364,0.8188943751942268,0,0.284,0.168,0.0,0.13,0.223,0.8222237212422379,264907,You & The 6,0.6069023569023569,h
179,0.312,0.466,0.8181818181818182,0.7940678843962571,0,0.0509,0.729,7.34e-06,0.215,0.195,0.7513125794012164,212280,Wednesday Night Interlude,0.6069023569023569,h
182,0.555,0.481,0.5454545454545454,0.8197576050550741,1,0.0322,0.124,0.0,0.101,0.098,0.6477040634685075,281320,Now & Forever,0.6069023569023569,h
181,0.568,0.535,0.36363636363636365,0.7546010151583163,1,0.513,0.217,0.0,0.114,0.326,0.5569983623206328,167653,6 Man,0.6069023569023569,h
180,0.926,0.427,0.9090909090909091,0.8140602879734816,0,0.105,0.0703,0.000337,0.0818,0.304,0.6036028946076503,268480,Used To,0.6069023569023569,h
183,0.651,0.55,0.6363636363636364,0.7922723662856946,1,0.0496,0.0403,0.0,0.165,0.119,0.6468571171596569,252640,Company,0.6069023569023569,h
159,0.881,0.566,0.18181818181818182,0.8148199302510273,1,0.136,0.00378,6.83e-06,0.204,0.232,0.7685513095813611,231231,Digital Dash,0.5595538720538721,g
160,0.807,0.666,0.7272727272727273,0.8622630434031975,0,0.263,0.00295,0.0,0.227,0.274,0.7383985219662645,217707,Big Rings,0.5595538720538721,g
162,0.504,0.356,0.09090909090909091,0.7016332308967232,1,0.0445,0.12,6.03e-05,0.107,0.169,0.7535161388242436,314632,Diamonds Dancing,0.5595538720538721,g
164,0.844,0.47,0.09090909090909091,0.8670971306239427,1,0.3,0.0079,2.82e-06,0.141,0.395,0.8842381792902889,202085,Plastic Bag,0.5595538720538721,g
161,0.828,0.482,0.6363636363636364,0.7835019508994856,1,0.431,0.0429,7.8e-06,0.0807,0.281,0.8656353408958892,211643,Live From The Gutter,0.5595538720538721,g
166,0.813,0.328,0.0,0.7282552398052554,1,0.391,0.0201,4.96e-06,0.119,0.191,0.7609025599514317,220862,Change Locations,0.5595538720538721,g
167,0.859,0.56,0.09090909090909091,0.8256275681088361,1,0.201,0.0529,0.0,0.114,0.625,0.776046409659685,205879,Jumpman,0.5595538720538721,g
168,0.766,0.531,0.0,0.6995960084251236,0,0.272,0.528,0.000665,0.11,0.29,0.7912202397682515,188703,Jersey,0.5595538720538721,g
169,0.622,0.599,0.36363636363636365,0.7580194054072719,0,0.458,0.686,0.0,0.145,0.275,0.5916407148826455,253935,30 for 30 Freestyle,0.5595538720538721,g
165,0.829,0.554,0.0,0.7574669382963295,1,0.305,0.000285,0.00225,0.12,0.203,0.8434498446640509,180000,I'm The Plug,0.5595538720538721,g
163,0.556,0.406,0.0,0.7510445081316253,0,0.381,0.0828,4.29e-06,0.1,0.256,0.6523585206171465,209288,Scholarships,0.5595538720538721,g
147,0.536,0.449,0.09090909090909091,0.7134076861986811,1,0.103,0.11,1.49e-05,0.284,0.171,0.6180834279589719,290133,Faithful,0.5124158249158249,Views
139,0.378,0.566,0.8181818181818182,0.8105728393356584,0,0.0482,0.149,0.0,0.382,0.196,0.572370812581275,328907,Keep The Family Close,0.5124158249158249,Views
140,0.68,0.712,0.9090909090909091,0.8278719657470391,1,0.0453,0.000803,0.000612,0.237,0.0379,0.6185331339636713,255787,9,0.5124158249158249,Views
141,0.429,0.43,0.18181818181818182,0.6832291702634578,1,0.165,0.338,1.18e-05,0.138,0.125,0.8995019505997953,297373,U With Me?,0.5124158249158249,Views
142,0.582,0.677,0.6363636363636364,0.8314284727737302,1,0.172,0.0312,6.6e-06,0.122,0.205,0.9700870555874098,240653,Feel No Ways,0.5124158249158249,Views
143,0.787,0.635,0.36363636363636365,0.7903387313973965,0,0.155,0.0253,0.0,0.357,0.237,0.7309933630888806,209413,Hype,0.5124158249158249,Views
144,0.623,0.74,0.09090909090909091,0.8362280308000415,1,0.307,0.0635,0.0,0.366,0.35,0.5543301066927496,253533,Weston Road Flows,0.5124158249158249,Views
145,0.694,0.314,0.0,0.8059113980870827,1,0.116,0.611,2.07e-06,0.117,0.341,0.6930943895428363,333947,Redemption,0.5124158249158249,Views
146,0.878,0.406,0.09090909090909091,0.7319843928041159,1,0.248,0.134,0.000234,0.112,0.784,0.7234832728104003,195053,With You,0.5124158249158249,Views
148,0.834,0.433,0.0,0.7442077276337143,1,0.174,0.0258,0.0,0.633,0.229,0.7456837592423952,189853,Still Here,0.5124158249158249,Views
150,0.792,0.625,0.09090909090909091,0.882255446980422,1,0.0536,0.00776,0.0018,0.329,0.37,0.6333659370186739,173987,One Dance,0.5124158249158249,Views
151,0.676,0.432,0.09090909090909091,0.747557059493802,1,0.502,0.00163,3.84e-06,0.0799,0.12,0.7903957787596358,220427,Grammys,0.5124158249158249,Views
152,0.746,0.475,0.9090909090909091,0.6877179655398641,0,0.113,0.0175,1.1e-05,0.197,0.292,0.5435708905303158,241400,Childs Play,0.5124158249158249,Views
153,0.713,0.462,0.6363636363636364,0.729705465971479,1,0.123,0.192,2.16e-06,0.105,0.0594,0.742367177457737,212947,Pop Style,0.5124158249158249,Views
154,0.794,0.653,0.6363636363636364,0.8052553433928387,1,0.104,0.0489,4.88e-05,0.1,0.397,0.6859403165180762,263373,Too Good,0.5124158249158249,Views
155,0.699,0.255,0.36363636363636365,0.7773557542902524,0,0.0303,0.405,0.00242,0.0985,0.242,0.7385371813177135,106333,Summers Over Interlude,0.5124158249158249,Views
156,0.722,0.252,0.09090909090909091,0.5783294775732883,0,0.0761,0.0671,0.0,0.0852,0.275,0.5432598438770654,238120,Fire & Desire,0.5124158249158249,Views
157,0.395,0.852,0.45454545454545453,0.8723455681778944,1,0.37,0.0657,0.0,0.262,0.112,0.5301621564901945,311960,Views,0.5124158249158249,Views
158,0.891,0.628,0.18181818181818182,0.8044266427264253,1,0.0551,0.00258,0.00019,0.0504,0.552,0.7495362406826537,267067,Hotline Bling,0.5124158249158249,Views
149,0.59,0.468,0.9090909090909091,0.693242636649287,0,0.185,0.0789,0.0,0.101,0.349,0.589594552561263,245227,Controlla,0.5124158249158249,Views
126,0.609,0.229,1.0,0.6491488553572046,0,0.0333,0.558,0.0413,0.113,0.19,0.6630465333288362,186293,4422,0.44591750841750843,f
125,0.726,0.535,0.6363636363636364,0.806463865198025,0,0.0476,0.0533,1.38e-05,0.0984,0.375,0.6112553917876189,216558,Blem,0.44591750841750843,f
124,0.839,0.521,0.6363636363636364,0.7150996167259418,1,0.166,0.245,0.00545,0.607,0.33,0.640954725847977,205163,Madiba Riddim,0.44591750841750843,f
120,0.913,0.608,0.9090909090909091,0.8397845378267325,0,0.234,0.0671,0.0,0.533,0.578,0.6074928515483002,149569,No Long Talk,0.44591750841750843,f
122,0.735,0.373,1.0,0.7141327992817929,1,0.104,0.762,0.00202,0.288,0.237,0.7049966084672146,107673,Jorja Interlude,0.44591750841750843,f
121,0.809,0.463,1.0,0.6830910534857223,1,0.0396,0.256,0.085,0.109,0.364,0.6633950554824783,298941,Passionfruit,0.44591750841750843,f
127,0.877,0.391,0.09090909090909091,0.7929284209799385,1,0.063,0.0317,0.000502,0.0945,0.122,0.7347409131280425,189230,Gyalchester,0.44591750841750843,f
123,0.781,0.721,0.45454545454545453,0.7605745657953801,0,0.0514,0.0945,0.391,0.104,0.849,0.7047342799644731,250337,Get It Together,0.44591750841750843,f
128,0.745,0.822,0.6363636363636364,0.8565311971271711,1,0.252,0.0103,4.2e-06,0.155,0.415,0.5687806596437579,143214,Skepta Interlude,0.44591750841750843,f
133,0.875,0.6,0.09090909090909091,0.8405096509098443,1,0.0435,0.0189,0.0143,0.132,0.0906,0.6934016886460476,162638,KMT,0.44591750841750843,f
130,0.903,0.439,0.7272727272727273,0.6680363247125445,1,0.397,0.0407,0.0,0.138,0.532,0.7650735831450189,307593,Sacrifices,0.44591750841750843,f
131,0.766,0.234,1.0,0.8154414557508374,0,0.159,0.332,0.00156,0.358,0.256,0.606814544991212,153725,Nothings Into Somethings,0.44591750841750843,f
132,0.766,0.283,0.7272727272727273,0.7192431200580091,0,0.0846,0.111,0.0172,0.115,0.144,0.6074066578973997,219692,Teenage Fever,0.44591750841750843,f
134,0.526,0.583,0.36363636363636365,0.7592279272124581,1,0.376,0.699,0.0,0.372,0.378,0.5804130549653164,305374,Lose You,0.44591750841750843,f
135,0.856,0.572,0.09090909090909091,0.7848831186768414,1,0.373,0.0136,1.55e-06,0.121,0.454,0.5527111650758316,228438,Can't Have Everything,0.44591750841750843,f
136,0.688,0.384,0.8181818181818182,0.7712440868754532,0,0.375,0.2,0.0,0.708,0.432,0.8512147683451944,206120,Glow,0.44591750841750843,f
137,0.468,0.266,0.0,0.6919305272607991,1,0.13,0.348,9.55e-06,0.209,0.222,0.818221337800413,368036,Since Way Back,0.44591750841750843,f
138,0.928,0.481,0.8181818181818182,0.7530817306032251,0,0.287,0.105,0.0,0.176,0.613,0.7459423401950974,210937,Fake Love,0.44591750841750843,f
129,0.925,0.443,0.09090909090909091,0.7922378370912608,1,0.264,0.0172,0.0,0.276,0.35,0.7537035163262017,236615,Portland,0.44591750841750843,f
119,0.736,0.491,0.9090909090909091,0.8379544905217362,0,0.439,0.0681,0.0,0.571,0.203,0.7758178091072961,218674,Free Smoke,0.44591750841750843,f
118,0.889,0.372,0.6363636363636364,0.721867338834985,0,0.357,0.013,0.0,0.184,0.123,0.7459048646947058,162800,Blue Tint,0.3474326599326599,Scorpion
116,0.657,0.571,0.18181818181818182,0.6436587134422154,1,0.139,0.11,0.00123,0.0735,0.622,0.873175411574683,207307,Ratchet Happy Birthday,0.3474326599326599,Scorpion
117,0.85,0.473,0.9090909090909091,0.8774904181485447,0,0.209,0.117,0.0103,0.108,0.38,0.5639875431436698,157605,That’s How You Feel,0.3474326599326599,Scorpion
99,0.555,0.596,0.8181818181818182,0.7620593211560375,0,0.375,0.133,0.0,0.123,0.145,0.5335199613252836,136187,Survival,0.3474326599326599,Scorpion
100,0.912,0.412,0.6363636363636364,0.7971409827008735,1,0.123,0.0165,0.0126,0.104,0.423,0.8245509498165574,238614,Nonstop,0.3474326599326599,Scorpion
101,0.758,0.474,0.09090909090909091,0.7748351230965781,1,0.147,0.0152,0.0,0.116,0.0542,0.5287868056258221,184960,Elevate,0.3474326599326599,Scorpion
102,0.414,0.677,0.09090909090909091,0.8991402230585961,1,0.254,0.0248,0.0,0.0793,0.0853,0.8902754824033787,302173,Emotionless,0.3474326599326599,Scorpion
104,0.899,0.586,1.0,0.8043230551431235,0,0.343,0.279,0.0,0.0836,0.492,0.805884403071492,214467,I'm Upset,0.3474326599326599,Scorpion
105,0.527,0.689,0.18181818181818182,0.804184938365388,1,0.741,0.161,0.0,0.498,0.31,0.8828440906757208,195720,8 Out Of 10,0.3474326599326599,Scorpion
106,0.754,0.575,0.36363636363636365,0.7861261696764614,0,0.0682,0.045,0.00131,0.276,0.491,0.5660674334154047,205147,Mob Ties,0.3474326599326599,Scorpion
103,0.754,0.449,0.6363636363636364,0.7578812886295363,1,0.109,0.0332,8.29e-05,0.552,0.357,0.5329390910692134,198973,God's Plan,0.3474326599326599,Scorpion
108,0.486,0.849,0.09090909090909091,0.8883671143952212,1,0.246,0.0481,0.0,0.143,0.519,0.8136942973531054,216333,Sandra’s Rose,0.3474326599326599,Scorpion
109,0.758,0.491,1.0,0.734884845136563,1,0.138,0.00354,6.5e-06,0.292,0.334,0.7688548611345333,223240,Talk Up (feat. Jay-Z),0.3474326599326599,Scorpion
110,0.708,0.547,0.09090909090909091,0.813266116501502,1,0.314,0.727,0.0,0.159,0.549,0.5577890953788961,226907,Is There More,0.3474326599326599,Scorpion
115,0.807,0.319,0.0,0.79444770553503,0,0.0581,0.133,0.000338,0.101,0.299,0.5997316754171961,182080,Finesse,0.3474326599326599,Scorpion
111,0.687,0.218,0.8181818181818182,0.6084389351196438,0,0.0388,0.85,0.000125,0.106,0.269,0.5884852777496711,206027,Peak,0.3474326599326599,Scorpion
112,0.776,0.482,0.09090909090909091,0.6868202064845826,1,0.0357,0.477,0.0456,0.11,0.134,0.7534411878234604,247893,Summer Games,0.3474326599326599,Scorpion
113,0.764,0.271,0.0,0.8792168778702394,1,0.0414,0.037,0.0,0.175,0.0371,0.6785314100906532,262453,Jaded,0.3474326599326599,Scorpion
114,0.585,0.909,0.7272727272727273,0.8523876937951038,1,0.0707,0.0891,9.7e-05,0.119,0.758,0.5936606443537538,210747,Nice For What,0.3474326599326599,Scorpion
107,0.761,0.598,0.9090909090909091,0.8256275681088361,0,0.182,0.126,0.0,0.0839,0.446,0.8954321112572655,163974,Can’t Take A Joke,0.3474326599326599,Scorpion
86,0.622,0.844,0.9090909090909091,0.9461344566831256,0,0.269,0.165,0.0,0.455,0.12,0.5976967557459311,302493,Ignant Shit (feat. Lil Wayne),0.29903198653198654,e
85,0.756,0.451,1.0,0.6861986809847725,0,0.47,0.588,0.0,0.0942,0.555,0.7828819409311163,188187,November 18th,0.29903198653198654,e
81,0.477,0.422,0.5454545454545454,0.7172058975864094,1,0.174,0.939,0.0361,0.107,0.0815,0.5707893464647487,176173,Lust For Life,0.29903198653198654,e
83,0.565,0.535,0.7272727272727273,0.8978281136701081,1,0.386,0.537,0.0,0.165,0.22,0.8430113813094688,375053,Successful (feat. Trey Songz & Lil Wayne),0.29903198653198654,e
82,0.597,0.696,0.09090909090909091,0.8411657056040883,0,0.0823,0.387,0.000762,0.126,0.427,0.4968014660415753,290787,Houstatlantavegas,0.29903198653198654,e
88,0.545,0.755,0.7272727272727273,0.8881599392286179,1,0.257,0.66,0.0,0.209,0.481,0.674821335551883,230707,Say What's Real,0.29903198653198654,e
84,0.794,0.717,0.8181818181818182,0.9160940575256379,0,0.0325,0.00454,0.301,0.146,0.937,0.7213546643881562,234173,Let’s Call It Off (feat. Peter Bjorn and John),0.29903198653198654,e
89,0.76,0.887,1.0,0.9066675874451849,0,0.038,0.107,0.0242,0.668,0.783,0.6949344366120649,230493,Little Bit (feat. Lykke Li),0.29903198653198654,e
87,0.565,0.502,1.0,0.8827733848969304,0,0.0793,0.362,2.32e-06,0.164,0.332,0.6313085320471742,193973,A Night Off (feat. Lloyd),0.29903198653198654,e
91,0.775,0.906,0.18181818181818182,0.9790407789786264,0,0.337,0.159,0.0,0.773,0.841,0.8061767119745467,209960,Unstoppable (feat. Santigold & Lil Wayne),0.29903198653198654,e
92,0.433,0.82,0.09090909090909091,0.9676461448154415,1,0.329,0.00371,0.0,0.0852,0.405,0.5700660693071904,382267,Uptown (feat. Bun B & Lil Wayne),0.29903198653198654,e
93,0.691,0.498,0.0,0.8785608231759953,0,0.144,0.191,6.73e-06,0.107,0.534,0.5997241803171177,262040,Sooner Than Later,0.29903198653198654,e
94,0.456,0.509,0.18181818181818182,0.8617105762922551,1,0.0895,0.205,0.000652,0.122,0.239,0.7952113805599589,139587,Bria's Interlude (feat. Omarion),0.29903198653198654,e
95,0.468,0.782,1.0,0.7892337971755119,0,0.898,0.812,1.79e-05,0.107,0.24,0.8419320868981903,243720,The Calm,0.29903198653198654,e
96,0.393,0.0878,0.45454545454545453,0.3291322813438763,1,0.053,0.989,0.856,0.316,0.122,0.9391472824640891,174400,Outro (feat. Chilly Gonzales),0.29903198653198654,e
97,0.413,0.497,0.5454545454545454,0.7638203100721661,1,0.0736,0.636,0.0,0.179,0.368,0.664616756795245,213493,Brand New,0.29903198653198654,e
98,0.393,0.852,0.5454545454545454,0.9972721936397225,1,0.0726,0.0193,0.0,0.291,0.15,0.6443649963836141,332547,Congratulations,0.29903198653198654,e
90,0.441,0.929,0.45454545454545453,1.0,0,0.337,0.203,0.0,0.165,0.546,0.8523277907068254,257680,Best I Ever Had,0.29903198653198654,e
70,0.743,0.66,0.36363636363636365,0.9101205068885744,0,0.418,0.115,0.0,0.101,0.549,0.9633901836674273,240218,4pm in Calabasas,0.26346801346801346,d
69,0.673,0.81,0.7272727272727273,0.9449604640723732,1,0.36,0.0322,0.0,0.133,0.564,0.8661525028012936,266325,Draft Day,0.26346801346801346,d
68,0.733,0.361,0.09090909090909091,0.6916542937053278,1,0.135,0.348,0.000285,0.0942,0.0361,0.5993943959136714,353698,Days in The East,0.26346801346801346,d
64,0.423,0.587,0.5454545454545454,0.8468284934912469,1,0.529,0.765,0.0,0.114,0.33,0.9195438482092332,253803,Dreams Money Can Buy,0.26346801346801346,d
66,0.789,0.404,0.09090909090909091,0.7871275163150444,1,0.23,0.205,0.0,0.219,0.472,0.7011778549773086,235566,How Bout Now,0.26346801346801346,d
65,0.631,0.788,0.36363636363636365,0.8293221919132627,0,0.102,0.371,0.000317,0.108,0.544,0.8349916242256624,240957,The Motion,0.26346801346801346,d
67,0.421,0.539,1.0,0.8875384137288078,0,0.274,0.779,0.0,0.111,0.523,0.5779396719394696,281519,Trust Issues,0.26346801346801346,d
71,0.555,0.88,1.0,0.9265909326335418,0,0.265,0.0678,0.0,0.0723,0.391,0.5705120277618506,205264,5 Am in Toronto,0.26346801346801346,d
73,0.549,0.495,0.5454545454545454,0.8804599288698596,0,0.133,0.603,7.26e-06,0.0979,0.385,0.5473409258697126,294651,My Side,0.26346801346801346,d
74,0.498,0.844,0.18181818181818182,0.9780739615344775,1,0.268,0.0111,0.0,0.102,0.282,0.5751589898104115,254022,Jodeci Freestyle (feat. J. Cole),0.26346801346801346,d
75,0.338,0.729,0.5454545454545454,0.8542867994889679,0,0.102,0.758,3.24e-05,0.18,0.543,0.9339456830097324,283816,Club Paradise,0.26346801346801346,d
76,0.508,0.748,0.09090909090909091,0.903387313973965,1,0.33,0.281,0.0,0.168,0.225,0.6200508917295318,252884,Free Spirit (feat. Rick Ross),0.26346801346801346,d
77,0.641,0.454,0.45454545454545453,0.7878181002037223,0,0.133,0.179,0.000116,0.065,0.302,0.5361882169531669,343455,Heat Of The Moment,0.26346801346801346,d
78,0.619,0.489,1.0,0.6874762611788268,0,0.46,0.782,0.0,0.106,0.328,0.7161080943333296,225012,Girls Love Beyoncé (feat. James Fauntleroy),0.26346801346801346,d
79,0.505,0.494,0.9090909090909091,0.7777701046234591,0,0.315,0.414,7.98e-05,0.105,0.141,0.8882405627321138,251240,Paris Morton Music,0.26346801346801346,d
80,0.643,0.178,0.36363636363636365,0.7803597942060012,0,0.0588,0.484,0.0108,0.122,0.0674,0.5624435525275351,189289,Can I,0.26346801346801346,d
72,0.477,0.501,1.0,0.7590207520458548,0,0.0398,0.706,5.61e-06,0.0953,0.689,0.5487050340839676,253562,I Get Lonely,0.26346801346801346,d
50,0.473,0.824,0.6363636363636364,0.9488622630434033,0,0.163,0.482,0.0,0.605,0.374,0.5356335795473709,222929,Deep Pockets,0.20601851851851852,c
51,0.41,0.82,0.09090909090909091,0.8408549428541833,1,0.533,0.252,0.0,0.538,0.526,0.8835186496827698,223124,When To Say When,0.20601851851851852,c
52,0.735,0.449,0.9090909090909091,0.8167190359448914,1,0.347,0.629,0.0,0.113,0.0397,0.7044944367619669,220488,Chicago Freestyle (feat. Giveon),0.20601851851851852,c
53,0.458,0.452,0.8181818181818182,0.7548427195193537,0,0.047,0.342,1.94e-05,0.0703,0.316,0.5672254263775056,269680,Not You Too (feat. Chris Brown),0.20601851851851852,c
54,0.83,0.49,0.09090909090909091,0.7713822036531888,0,0.209,0.289,3.04e-06,0.113,0.845,0.5495594754928964,247059,Toosie Slide,0.20601851851851852,c
55,0.812,0.506,0.45454545454545453,0.8098477262525466,0,0.116,0.281,0.0,0.325,0.554,0.7874164764785022,237946,Desires (with Future),0.20601851851851852,c
58,0.718,0.706,0.09090909090909091,0.8788025275370326,1,0.06,0.0128,0.0,0.352,0.815,0.8808428989548083,189176,D4L,0.20601851851851852,c
57,0.881,0.636,0.6363636363636364,0.9160940575256379,1,0.287,0.00606,0.0,0.111,0.715,0.858151483467683,152195,Landed,0.20601851851851852,c
59,0.825,0.373,0.45454545454545453,0.8849141949518318,0,0.108,0.163,0.0,0.368,0.12,0.5333213411732081,149078,Pain 1993 (with Playboi Carti),0.20601851851851852,c
60,0.551,0.57,0.09090909090909091,0.8209315976658265,0,0.351,0.28,0.0,0.424,0.505,0.5648607223027946,271184,Losses,0.20601851851851852,c
61,0.787,0.477,0.5454545454545454,0.8053244017817065,0,0.199,0.768,0.0,0.104,0.476,0.5454446655498967,234783,From Florida With Love,0.20601851851851852,c
62,0.543,0.766,0.0,0.9589793170125341,0,0.343,0.423,0.0,0.155,0.729,0.6442413272323219,204805,Demons (feat. Fivio Foreign & Sosa Geek),0.20601851851851852,c
63,0.749,0.792,0.9090909090909091,0.9325990124650393,0,0.0826,0.292,0.0,0.109,0.239,0.7836314509389486,180000,War,0.20601851851851852,c
56,0.864,0.477,0.9090909090909091,0.8761437795656228,1,0.224,0.201,0.0,0.182,0.5,0.5677575784830666,192932,Time Flies,0.20601851851851852,c
30,0.423,0.667,0.5454545454545454,0.833810987189669,0,0.326,0.758,0.0,0.246,0.496,0.5688181351441495,336511,Champagne Poetry,0.1029040404040404,Certified Lover Boy
31,0.701,0.741,0.18181818181818182,0.8633334484306482,1,0.313,0.112,0.0,0.699,0.588,0.7690647239367263,178623,Papi’s Home,0.1029040404040404,Certified Lover Boy
32,0.767,0.438,0.6363636363636364,0.7746279479299747,0,0.29,0.181,0.0,0.142,0.381,0.5696875667532351,221980,Girls Want Girls (with Lil Baby),0.1029040404040404,Certified Lover Boy
33,0.686,0.385,0.6363636363636364,0.787610925037119,0,0.297,0.614,0.0,0.131,0.147,0.7799063862000217,296568,In The Bible (with Lil Durk & Giveon),0.1029040404040404,Certified Lover Boy
34,0.73,0.576,0.18181818181818182,0.8880218224508822,1,0.287,0.354,3.59e-05,0.15,0.155,0.5890099347551538,228461,Love All (with JAY-Z),0.1029040404040404,Certified Lover Boy
35,0.666,0.465,0.09090909090909091,0.7808777321225097,1,0.26,0.0503,0.0,0.215,0.292,0.8730967130238606,291175,Fair Trade (with Travis Scott),0.1029040404040404,Certified Lover Boy
36,0.803,0.597,1.0,0.8675460101515832,0,0.141,0.000619,4.5e-06,0.323,0.331,0.7534411878234604,257605,Way 2 Sexy (with Future & Young Thug),0.1029040404040404,Certified Lover Boy
37,0.568,0.56,0.8181818181818182,0.7631297261834882,1,0.42,0.228,3.05e-06,0.39,0.246,0.7309971106389198,308756,TSU,0.1029040404040404,Certified Lover Boy
38,0.507,0.429,0.18181818181818182,0.8091571423638687,1,0.326,0.0518,0.0,0.109,0.0744,0.5847714556608616,273578,N 2 Deep,0.1029040404040404,Certified Lover Boy
39,0.518,0.69,0.8181818181818182,0.8635751527916854,1,0.107,0.128,0.0,0.176,0.59,0.5354424544953735,205721,Pipe Down,0.1029040404040404,Certified Lover Boy
40,0.476,0.161,0.7272727272727273,0.6731466454887608,0,0.0407,0.967,0.0381,0.109,0.0908,0.6920038524814403,133763,Yebba’s Heartbreak,0.1029040404040404,Certified Lover Boy
41,0.84,0.744,0.09090909090909091,0.9118814958047029,1,0.113,0.0181,0.0,0.629,0.171,0.5575529997264288,204347,No Friends In The Industry,0.1029040404040404,Certified Lover Boy
42,0.849,0.424,0.45454545454545453,0.7451745450778634,0,0.324,0.0635,0.0,0.0834,0.153,0.7904632346603407,242966,Knife Talk (with 21 Savage ft. Project Pat),0.1029040404040404,Certified Lover Boy
43,0.724,0.531,0.45454545454545453,0.9340837678256967,0,0.298,0.225,0.0,0.11,0.141,0.5806528981678228,239635,7am On Bridle Path,0.1029040404040404,Certified Lover Boy
44,0.488,0.635,0.9090909090909091,0.8276647905804357,1,0.26,0.179,8.16e-06,0.156,0.783,0.8960879325141189,269884,Race My Mind,0.1029040404040404,Certified Lover Boy
45,0.843,0.485,0.9090909090909091,0.7743171851800699,0,0.195,0.181,0.0675,0.107,0.689,0.6186980261653944,192418,Fountains (with Tems),0.1029040404040404,Certified Lover Boy
46,0.32,0.466,0.7272727272727273,0.8421670522426712,1,0.0374,0.00645,0.0,0.133,0.338,0.9096578112059241,229304,Get Along Better,0.1029040404040404,Certified Lover Boy
47,0.519,0.851,0.6363636363636364,0.8687200027623355,1,0.29,0.118,0.0,0.178,0.711,0.7077772905962726,213104,You Only Live Twice (with Lil Wayne & Rick Ross),0.1029040404040404,Certified Lover Boy
48,0.59,0.493,0.6363636363636364,0.7753875902075205,0,0.0367,0.402,0.00504,0.129,0.0498,0.8059743442724319,252379,IMY2 (with Kid Cudi),0.1029040404040404,Certified Lover Boy
49,0.783,0.416,0.36363636363636365,0.736162425330617,0,0.135,0.213,0.0,0.103,0.165,0.5700548266570729,245131,F*****g Fans,0.1029040404040404,Certified Lover Boy
16,0.193,0.0218,0.0,0.0,0,0.0389,0.955,0.88,0.117,0.213,0.7140656795619863,36935,Intro,0.04250841750841751,b
17,0.718,0.758,0.9090909090909091,0.7896826767031526,1,0.0703,0.238,0.00653,0.11,0.349,0.6896616337069641,266179,Falling Back,0.04250841750841751,b
18,0.765,0.627,0.0,0.9168536998031837,1,0.0622,0.000916,0.195,0.0847,0.536,0.6896916141072774,308820,Texts Go Green,0.04250841750841751,b
19,0.883,0.283,0.0,0.6390318013880736,1,0.113,0.104,0.00167,0.0935,0.416,0.7009942250253897,157390,Currents,0.04250841750841751,b
20,0.6,0.482,0.09090909090909091,0.6755291599046994,1,0.0701,0.512,0.000104,0.115,0.323,0.7006044798213168,173097,A Keeper,0.04250841750841751,b
21,0.826,0.276,1.0,0.6882704326508063,0,0.266,0.62,8.53e-05,0.118,0.484,0.708384393702617,129965,Calling My Name,0.04250841750841751,b
27,0.775,0.688,0.36363636363636365,0.6991471288974828,0,0.0593,0.0176,0.0917,0.108,0.284,0.6935141151472225,336005,Tie That Binds,0.04250841750841751,b
23,0.499,0.671,0.36363636363636365,0.8420289354649356,0,0.0561,0.114,0.0169,0.148,0.0557,0.7121656716921312,336924,Massive,0.04250841750841751,b
24,0.593,0.41,0.2727272727272727,0.6237008390594249,0,0.0531,0.886,0.0993,0.115,0.201,0.703134076097751,254407,Flight's Booked,0.04250841750841751,b
25,0.502,0.645,0.18181818181818182,0.7095404164220849,0,0.122,0.444,0.00964,0.107,0.518,0.6549967958447165,202451,Overdrive,0.04250841750841751,b
26,0.718,0.319,0.2727272727272727,0.6870964400400539,1,0.0435,0.965,0.00036,0.0895,0.639,0.6559524211047028,250865,Down Hill,0.04250841750841751,b
28,0.557,0.706,0.0,0.8483132488519044,1,0.0649,0.268,0.0,0.132,0.582,0.6372858743596373,237933,Liability,0.04250841750841751,b
29,0.529,0.673,0.0,0.9132626635820587,1,0.175,0.000307,2.41e-06,0.093,0.366,0.8655416521449102,218365,Jimmy Cooks (feat. 21 Savage),0.04250841750841751,b
22,0.853,0.495,0.5454545454545454,0.5707675839922656,1,0.14,0.0917,0.000217,0.0844,0.0774,0.7572599413133663,243228,Sticky,0.04250841750841751,b
1,0.908,0.546,0.7272727272727273,0.7136839197541522,0,0.323,0.0127,0.0,0.0707,0.225,0.7347334180279641,170502,Major Distribution,0.013047138047138047,a
2,0.841,0.358,0.8181818181818182,0.7869893995373088,1,0.591,0.0201,0.0,0.39,0.329,0.8359097739852571,261544,On BS,0.013047138047138047,a
3,0.849,0.433,0.45454545454545453,0.7847104727046718,0,0.316,0.0407,0.0,0.388,0.395,0.7763087381624263,152962,BackOutsideBoyz,0.013047138047138047,a
4,0.934,0.614,0.45454545454545453,0.8209661268602604,1,0.198,0.00274,0.0,0.123,0.616,0.7835602474882045,160821,Privileged Rappers,0.013047138047138047,a
5,0.773,0.701,0.6363636363636364,0.8554262629052864,1,0.0512,0.01,0.0,0.163,0.203,0.7307872478367267,214589,Spin Bout U,0.013047138047138047,a
6,0.501,0.403,0.5454545454545454,0.6924484651773075,0,0.119,0.234,0.0,0.267,0.111,0.6872744443320179,399154,Hours In Silence,0.013047138047138047,a
7,0.746,0.517,0.9090909090909091,0.8141293463623493,0,0.327,0.0782,0.0,0.137,0.609,0.5772276374320288,180098,Treacherous Twins,0.013047138047138047,a
10,0.642,0.533,0.18181818181818182,0.8186872000276234,1,0.266,0.0104,0.000108,0.251,0.112,0.6936040563481624,225439,Broke Boys,0.013047138047138047,a
9,0.749,0.63,0.36363636363636365,0.8462414971858707,0,0.116,0.0623,0.0,0.353,0.445,0.7010579333760554,242027,Pussy & Millions (feat. Travis Scott),0.013047138047138047,a
11,0.466,0.703,0.36363636363636365,0.8765581298988295,0,0.393,0.18,0.0,0.422,0.25,0.5316124583553502,356389,Middle of the Ocean,0.013047138047138047,a
12,0.799,0.575,0.5454545454545454,0.8598805289872588,0,0.282,0.221,0.0,0.196,0.319,0.6148492922751752,137151,Jumbotron Shit Poppin,0.013047138047138047,a
13,0.704,0.504,0.09090909090909091,0.842892165325783,1,0.223,0.0405,0.000422,0.139,0.0713,0.5530559396794346,221406,More M’s,0.013047138047138047,a
14,0.475,0.692,0.09090909090909091,0.7884050965090984,1,0.398,0.0533,6.49e-06,0.18,0.241,0.9226768000419725,178329,3AM on Glenwood,0.013047138047138047,a
15,0.385,0.34,0.6363636363636364,0.6700735471841441,1,0.051,0.499,1.2e-05,0.196,0.0398,0.5583399852346528,263988,I Guess It’s Fuck Me,0.013047138047138047,a
8,0.734,0.605,0.09090909090909091,0.7832602465384482,1,0.0699,0.0102,0.0,0.317,0.252,0.6333996649690264,236795,Circo Loco,0.013047138047138047,a
0,0.561,0.52,1.0,0.7533579641586962,0,0.244,0.0503,1.86e-06,0.355,0.424,0.8176816905947737,239360,Rich Flex,0.013047138047138047,a
